group,peptide
group_A,EYLHFMRKI
group_A,LYNDRMFRI
group_A,EYLDDRNTF
group_A,AYHNSPAYL
group_A,VFPDFYLHL
group_A,EYIDRMIKI
group_A,RYLDSLKAI
group_A,QYVYWLHML
group_A,SYLEGAVYI
group_A,QYLGQIQHI
group_A,SYMGHFDLL
group_A,SYLSVHTRM
group_A,AYTDCIPQL
group_A,SYVETELIF
group_A,EYLKIKQSF
group_A,AYLLFYERI
group_A,TYLDLLGTW
group_A,AYQDRLAYL
group_A,RYEGKMETL
group_A,IYIAGHPAF
group_A,KYNIMLVRL
group_A,KFLDEDFVF
group_A,VYVQPIVSL
group_A,IYQKAFEHL
group_A,TYIQILESF
group_A,SYAQYVHNL
group_A,RYFIPVSCF
group_A,QYISYIPQI
group_A,RYLGKKVQF
group_A,KYMLKANLI
group_A,VWIINIGHF
group_A,RYKLYQEMF
group_A,QYEPLFHML
group_A,AYVQIKTIW
group_A,HYVPATKVF
group_A,SYSPQAFKF
group_A,SYQKVIELF
group_A,VFKGAPHEI
group_A,VYIDKVRSL
group_A,VYTYIQSRF
group_A,RYLEKNVKL
group_A,TYLLSVYRL
group_A,IYSFHTLSF
group_A,IYPWVHVVI
group_A,RFSLNTVEL
group_A,AYGWVSATF
group_A,TMLGKFYHF
group_A,RYVWWKKSL
group_A,TYTSYLDKF
group_A,PYRLIFEKF
group_A,RTINVYPNF
group_A,VYTDFAFRI
group_A,NYISFYDHL
group_A,RFEEAHFTF
group_A,RYRPRAPII
group_A,AYIPTPIYF
group_A,VYKKYPNVF
group_A,FYHEAVVLF
group_A,EYDLIVHQL
group_A,RYNPENNTW
group_A,NYISGIQTI
group_A,KWFFQKLRF
group_A,AYLTEHEKI
group_A,LYIVHPTMF
group_A,RFIPELINF
group_A,VYEYVVERF
group_A,VYENVSHFL
group_A,QYNPKFQTL
group_A,SWLPLFPRI
group_A,PFLELHTNF
group_A,LFIATSQKF
group_A,GGPGGVGGL
group_A,SYIEHIFEI
group_A,IYLIHHQRF
group_A,QYLPHVARL
group_A,RYDKTQLRF
group_A,IYPYVIQEL
group_A,AYLPVNESF
group_A,SYLKEFIHI
group_A,KYVDLTVSF
group_A,KYITEVSRW
group_A,RYLEVMRKL
group_A,SYLEKVVTL
group_A,VYVQPPLEL
group_A,SFITSSWTF
group_A,TYQDIQNTI
group_A,NYFIPSHYF
group_A,TYLKAVKLF
group_A,AYGLVSATF
group_A,VFPDDMPTL
group_A,KYFLWVVKF
group_A,SALEKFFYF
group_A,VYLKTALGL
group_A,KYLATLERL
group_A,NYVEVTRKW
group_A,EYSKQMQRF
group_A,TFTDHVMLF
group_A,YYIFIPSKF
group_A,SYLTKHKRI
group_A,AYPTAYPSF
group_A,SYLSSILRF
group_A,VFIKYLPEW
group_A,AYDTVRWEF
group_A,NYVKKFQSF
group_A,VFNDVRLLL
group_A,GFLDIDTKF
group_A,YYIDKLEYL
group_A,IYLTFPVAM
group_A,KYVKGLISI
group_A,NYLDVATFL
group_A,PYADQVFRI
group_A,AYAIIKEEL
group_A,SYPGSSYIF
group_A,NYLSIFRKF
group_A,GQPEIFYTF
group_A,DYIQKHPEL
group_A,EYVRNQQTI
group_A,RWPKKSAEF
group_A,RLPLRLFLI
group_A,VFYPYPQYF
group_A,AYPAIRYLL
group_A,VYAQVARLF
group_A,QYAVLLNRF
group_A,RYINNPLLI
group_A,SFSTVTNTF
group_A,LWNEVTTSF
group_A,IYAPPLPSL
group_A,LYPQFMFHL
group_A,AYSEAIFEL
group_A,SFMPNSPRF
group_A,DYIDSSWEL
group_A,VQPRNWLLF
group_A,TYGVSFFLV
group_A,AYEHKFYEI
group_A,PYVNNVPHL
group_A,VLIGRKELF
group_A,EYIPKWEQF
group_A,VYEDLRYKL
group_A,KYISKPENL
group_A,EYLHQHWIL
group_A,VLPKCKHEF
group_A,LYTPVLIRF
group_A,RLPEPLPSW
group_A,LLPGKTYSF
group_A,VYTATITEI
group_A,PYNAPTVKF
group_A,RYLNEFEEL
group_A,TWIHKLHKF
group_A,AYVDIHTGL
group_A,AYISGLDVF
group_A,KYVKVFHKY
group_A,EFITVHSML
group_A,IYLPAAQTM
group_A,AQLRQYHRL
group_A,AYSPRHYVI
group_A,SFLPLAHMF
group_A,YQTPRLWLF
group_A,EYLARIQGF
group_A,VYIPAHGRL
group_A,TWWHGVLAW
group_A,KYEELFPAF
group_A,IYNYPEQLF
group_A,PQPDVFPLF
group_A,IYNQVNVVL
group_A,QYEKLFHKW
group_A,RYPDSHQLF
group_A,SYPTFFPRF
group_A,HYVEKPSTF
group_A,RYLNKAFHI
group_A,AYIPLNNYL
group_A,AYLEALSHL
group_A,VYSPIRSGL
group_A,RYLVISEKL
group_A,RFFHLADLF
group_A,YYLNDLERI
group_A,KFLEQVHQL
group_A,VYIDQTMVL
group_A,LYLTIARQL
group_A,KFVNKSYLL
group_A,VYIPCIYVL
group_A,RYRPDMPCF
group_A,KYNPTWHCI
group_A,LYQRAFQHL
group_A,VYTSVVEEL
group_A,VYMNRVKEI
group_A,RYMPDICVI
group_A,HYINEVLFL
group_A,IYLRLLVKL
group_A,MYLVPAAMF
group_A,VYMELSQKL
group_A,VYSIVPQSW
group_A,VYVQNVVKL
group_A,IYLDGIITI
group_A,KYIMDLERL
group_A,GYPEVALHF
group_A,NYLSHHLTI
group_A,IYPEAVTMF
group_A,TFLPFIHTI
group_A,EFLTKTAKF
group_A,LYMNGMYAF
group_A,RYPDRITLI
group_A,VYWKIYNSI
group_A,KYIKDDFRF
group_A,AYVEKVEKL
group_A,IFLSQPILL
group_A,TLIDIMTRF
group_A,NYLKDGPYI
group_A,SYVQVTSNF
group_A,DYAEVSNTF
group_A,SFLATITSF
group_A,KYIQRQQTI
group_A,NYIHVGAQL
group_A,ELPKHYFSF
group_A,GYIPIYTPF
group_A,YYFDSYAHF
group_A,KYPDIISRI
group_A,AYINKVEEL
group_A,YYQNYFEKL
group_A,LYIGSSKTF
group_A,RYLEYFEKI
group_A,IFQDVLLQF
group_A,TYVTILPEL
group_A,VLHQIFSKF
group_A,IYNGKLFDL
group_A,SYLPHAPPF
group_A,LYANMFERL
group_A,LYFHINQTL
group_A,RFLEALNHF
group_A,RYASINAHL
group_A,DESGPSIVH
group_A,IYIDRGVVF
group_A,VYIPNKVLI
group_A,TYFRFQEEI
group_A,TYFSTPLLL
group_A,QFIDKPVCF
group_A,AYKPGALTF
group_A,AYLVNTYAL
group_A,RFIGATANF
group_A,TYLIQHQKI
group_A,EYIAVVKKL
group_A,RWLAQPYYL
group_A,PYVGGLEEF
group_A,YFLTTRQTL
group_A,FYPPKVELF
group_A,KYLVIGDLL
group_A,AYLESFYKF
group_A,IYTVLFERL
group_A,SYLTKHQRI
group_A,IWPEKSFCL
group_A,TYAEKLHRL
group_A,SYLNSVQRL
group_A,KYVKVFHKF
group_A,VYVATRPTI
group_A,RFYLLTEHF
group_A,YYTSVTPVL
group_A,AYIDYLSHL
group_A,PYYSKFILI
group_A,SYLAVHKRI
group_A,SYLDSVHFF
group_A,CYIKILHQL
group_A,RYLEKPMEI
group_A,VYANGIRNI
group_A,YYLSDSPLL
group_A,QYIDKLNEL
group_A,KYIDRLIQL
group_A,FYFALRDTL
group_A,IYVGRVKSF
group_A,LYSSKLYRF
group_A,KYIDYIFNV
group_A,IYPPKLHQF
group_A,PYNDYFEYF
group_A,VYGSFASKL
group_A,VYHKPPNAF
group_A,IYVGAKVYF
group_A,TYLNDFFSY
group_A,KYFAQALKL
group_A,VYLPLTSHI
group_A,NYPQSVPRL
group_A,HYFNTPFQL
group_A,AYVTVLEGF
group_A,NYITAALKL
group_A,IYQRHVYNL
group_A,RYIHLENLL
group_A,EYNTIKDKF
group_A,KYQIINEEF
group_A,GEYKFQNAL
group_A,RFYAFGRVF
group_A,QYEEQFVTL
group_A,TFIDAGSNF
group_A,VYQHLFTRI
group_A,KYVKVMHKF
group_A,MFLDRPQQW
group_A,YYEKQFPEI
group_A,IYLEVIHNL
group_A,EYLKLLHSF
group_A,NYIHWVEDL
group_A,QFYDLKELF
group_A,QYASRFVQL
group_A,VYTTTVHWL
group_A,YYEDNKQFF
group_A,YYLAEKHLF
group_A,HWKPGQFVF
group_A,YYISPRITF
group_A,PYHPHPHVF
group_A,ILPEKQAEF
group_A,SYIPSTVFF
group_A,FYITSRTQF
group_A,VYEAMVPLF
group_A,HFIAEHYMF
group_A,EYTDVYPEI
group_A,NYIEFTRIL
group_A,AYLTHHQRI
group_A,LYIPPTHTF
group_A,IYQKKYLLL
group_A,EYNSALPLL
group_A,TYIGPSTVF
group_A,NYFPFQWKL
group_A,KMMDVTVTI
group_A,ALPKELPLI
group_A,KYINTDAKF
group_A,KYITDVVKL
group_A,IYTSSVNRL
group_A,TYGNPNYHW
group_A,KYGIVLKEF
group_A,KFIWTNHKF
group_A,FYAELYHII
group_A,YYLSKIEEL
group_A,GYIERPQLI
group_A,TYLNWLVRM
group_A,EYIAKQFGF
group_A,YFKRYQVKF
group_A,LYPSIIQEF
group_A,KLPEKTQTF
group_A,VLKSVVAKF
group_A,PYITEHTGF
group_A,FYQPKIQQF
group_A,KYVKVFDKF
group_A,NYAQVLDKF
group_A,VLPKQGPLF
group_A,HYNSHYEKF
group_A,ALSSVYLLL
group_A,SYLPISPTF
group_A,TEAPLNPKA
group_A,LYHDIFSRL
group_A,EYVRELPAF
group_A,HYNWLIYHL
group_A,LMVPVTVVF
group_A,LYWSHPRKF
group_A,KYLEHPLLL
group_A,NYFLWTEKF
group_A,IYVVGGYSW
group_A,VITPVLLHF
group_A,KYLEETNSL
group_A,EYIDDLFKL
group_A,TYPDVNNSI
group_A,VMYGKVYRI
group_A,KYVHLFPKL
group_A,AMLPLVLHW
group_A,AYLDKSPQF
group_A,TYQRWQFTL
group_A,HYTIVFNTF
group_A,TYLRKIPRF
group_A,IFHEVPLKF
group_A,SYLANHTRI
group_A,FYIWRPLRI
group_A,EYMPIKLKI
group_A,NYSNVSIHL
group_A,NIHDIKLLF
group_A,SYLPLAHMF
group_A,AYVELVHHI
group_A,EYNSDLHQF
group_A,RYLSKATTL
group_A,NFIPTIVNF
group_A,VYLPRVLDI
group_A,TYNYPVHYF
group_A,HYIRKYNRF
group_A,PYPPPPPEF
group_A,VYIVPVIVL
group_A,LYTEKFEEF
group_A,VYLDGIVRI
group_A,EYVANLTNL
group_A,RVLVVSAKF
group_A,KYVSGEFRF
group_A,RYLQTLTTI
group_A,TYSYSFFHF
group_A,SYLNQHQRI
group_A,VYHNLKNVI
group_A,NFHQSIPSF
group_A,IYSAERFLI
group_A,LYSEVDVHF
group_A,AYLKWISQI
group_A,QYMERLQLL
group_A,IYAPQGLLL
group_A,VWIYDPVHF
group_A,VYPPPHQVF
group_A,AYMPHTFFI
group_A,NWVPTAYTW
group_A,RYLGKVLEL
group_A,FYGDKMNLF
group_A,SFLQRFFKF
group_A,VFADVETHF
group_A,KYLYQKIMF
group_A,VYISEHEHF
group_A,VYPLMKEYF
group_A,VYLEKFMTF
group_A,SYGKVTAEF
group_A,RYVPRASYF
group_A,TYQVLAVTF
group_A,VYPERTPLL
group_A,RYFLPPYTF
group_A,TYNQKHSLF
group_A,DFPTISLEF
group_A,WVQKTIAEN
group_A,KFSPRPLKF
group_A,AFIEKHWTF
group_A,SYIALPLTL
group_A,IYTDITYSF
group_A,YYITTRVQF
group_A,VWVINIGHF
group_A,YFLDKIDVI
group_A,KQLAVYEEF
group_A,VYFGHWVVM
group_A,EYLGSMAKI
group_A,VFLPIHITY
group_A,RYSPVLSRF
group_A,IYEPNFIFF
group_A,FYLLISKTF
group_A,DYFVPLHHF
group_A,VYITRAQLM
group_A,KYLDVKFEY
group_A,SYYTVAHAI
group_A,VFIGTGHLL
group_A,IYLLIHNNF
group_A,QYLELAHSL
group_A,IYDSVKVYF
group_A,KYLPEWSAW
group_A,TYHGVFVNI
group_A,EYVSQHLVF
group_A,VFTGVVTKL
group_A,SYIGANVRL
group_A,YYRPRFFLL
group_A,VLLPKLPQF
group_A,AYQHLFYLL
group_A,KYIDQKFVL
group_A,IYSTAFDYF
group_A,VYISNGQVL
group_A,YYQGGKFQF
group_A,AYGQVVFRL
group_A,TDVTFLLIF
group_A,RYNPNLNTW
group_A,IYFKKPLNI
group_A,RYLPHEELF
group_A,EFVAKGHLF
group_A,RYMDAWNTV
group_A,VYVERILLL
group_A,HFIEKAHTL
group_A,SYPDLLPTF
group_A,MYQEHINEI
group_A,VANAIIHLF
group_A,VLPTEQFHL
group_A,KYKGIFNGF
group_A,SYGDILHVI
group_A,NYLPQISHL
group_A,KYSEVFEAI
group_A,YYYVGFAYL
group_A,RYLPLNTAL
group_A,VYQLRFQFL
group_A,PQYQTWEEF
group_A,GYIHVTQTF
group_A,KYFEKQFEL
group_A,RYQQWMERF
group_A,NYTLVSHLI
group_A,HYILHNSFF
group_A,AYGSLFNTI
group_A,RFMDGHITF
group_A,PYVDNSYKW
group_A,RYNHITATY
group_A,DYVEGLRVF
group_A,QYLTTKEQF
group_A,TYPENWRAF
group_A,VLPSAQPVL
group_A,KYLGQLHYL
group_A,LYPEGLAQL
group_A,PYFNAPVYL
group_A,IYAAVTPEL
group_A,TFISYSVTF
group_A,RYIDTHNRV
group_A,VYVDDIYVI
group_A,KYPNVFKKI
group_A,KYQRILERL
group_A,PWLFDAPKF
group_A,KYIATDFTL
group_A,HYLSYLNNL
group_A,KYLDIHERM
group_A,IFITGTTRI
group_A,QYASAFHFL
group_A,KYNETFQFI
group_A,AYIHCVSAF
group_A,RYPNKLDTI
group_A,IYQDVTLKW
group_B,ESSLPTGDR
group_B,EVVGIIESR
group_B,NLMGKTSER
group_B,SIIGKGGQR
group_B,HVSGIGTRR
group_B,DIVKPGMRR
group_B,SVAEISSHM
group_B,ETAIPFRSR
group_B,DVINSARTR
group_B,ELSQNISAR
group_B,EVNATGVAM
group_B,QVAGITGAR
group_B,EFIEITTER
group_B,EAIESYYQR
group_B,EAVQALRER
group_B,EINEISYPK
group_B,TSSPSSIPR
group_B,QAISPGMKR
group_B,HVAKIVTQR
group_B,EVAEESGRL
group_B,EAVFASEVK
group_B,ELADHLVKR
group_B,EVVEIQIDR
group_B,NVAGSTLSR
group_B,HVVSEGVPR
group_B,AVIDVGINR
group_B,ETALPSTKA
group_B,EVIQGLLKK
group_B,ESFPSVNSR
group_B,GVIGQRMPR
group_B,EAIAKGIRR
group_B,DVIKPGTVK
group_B,ELRELSGHR
group_B,EVFFLKATR
group_B,EVVHINRER
group_B,QVYPIIAER
group_B,SPIDMTSKR
group_B,VAQHPPARR
group_B,TVIKVMTTR
group_B,SVHVPGMNR
group_B,DILFTEQER
group_B,TIIDIITHR
group_B,EVRKLIIRR
group_B,SAAEVGFVR
group_B,EMIGALKER
group_B,ELIQEITQR
group_B,ETAFVSRNR
group_B,ESAPSALEK
group_B,EVFPPTPVR
group_B,QIGPVSSSR
group_B,DMAAQITQR
group_B,EPIAMTVPR
group_B,AEAALGLAR
group_B,SAVAGRLER
group_B,EPHVSGVKR
group_B,TAAGGFQQR
group_B,EIPKRFGQR
group_B,NVADLTSLR
group_B,EAIGNEVTR
group_B,EAVLWEALR
group_B,EVAQAGKAV
group_B,ESTWPSRSR
group_B,TLSSVTSAR
group_B,EAVFNPQSR
group_B,ETIYQNYQR
group_B,FVAPPTAAV
group_B,DIIPNPQER
group_B,EQLSGAGYR
group_B,EVAPDVRLR
group_B,QVFEKSPLR
group_B,EVANSTANL
group_B,ETSGPTYIK
group_B,LPFGSSPHR
group_B,EVAKATSHI
group_B,QPSDPSLGR
group_B,ELMPPPPPK
group_B,ETTSNITSR
group_B,EIVGSIKMR
group_B,DPVTSVGKR
group_B,EVVPEPVAR
group_B,EVYVGAVNR
group_B,DVINPMALR
group_B,ELAIGGVLR
group_B,EVSLPKTSR
group_B,EAVKPFGLK
group_B,YVTTSTRTY
group_B,EVRDPLVTY
group_B,ELIAKIPNF
group_B,QAIKGMHIR
group_B,ESNPPSLMR
group_B,TVASKTQYF
group_B,EIFQNEVAR
group_B,SLNTPGSFR
group_B,EVFSHILKR
group_B,ELRELGAAR
group_B,EVDAAMAAR
group_B,EVLGPHLER
group_B,EGGPTSVGR
group_B,QVIKGVLFR
group_B,DVFGTGASK
group_B,TPKKPGLRR
group_B,EVAGQFVIK
group_B,DAGPPTHAF
group_B,AVIGIATKR
group_B,EALTALMSR
group_B,EVVKAHPRF
group_B,EVIRVTKKK
group_B,EVLVAGFGR
group_B,EAAAIGALR
group_B,LPHGNVSAR
group_B,TSGLPSSVR
group_B,EAIKALEVR
group_B,TVFRSTDFF
group_B,EPSDPMLWR
group_B,DLIFKTGGR
group_B,EIADVSTGL
group_B,EAQEVTIAR
group_B,EVRGGGLTR
group_B,EAPKGMLAR
group_B,ETAIPSSTR
group_B,DVHVAVVVR
group_B,EVVPRVTKK
group_B,EVLVTGAGR
group_B,ELNPSTGNR
group_B,SVAFSSDNR
group_B,EAMTVAIRR
group_B,EVARLWGVR
group_B,EVVDKRNPM
group_B,EAAAVLMAR
group_B,SAHFSPVLR
group_B,EASQGFRFL
group_B,EMTPAVRQR
group_B,EILEVATAR
group_B,EVFVGKIPR
group_B,ETSAPFKER
group_B,EVSFVIHNL
group_B,ESEEVRQFR
group_B,DNFFTGRKR
group_B,SASLPSSGR
group_B,GVAPVFKKR
group_B,ELYRATREF
group_B,IVRDQTELR
group_B,ESIDQYIER
group_B,EAVLAMSSR
group_B,LVIGGSSER
group_B,SVHAPSLRR
group_B,AAVAAVAAR
group_B,SAGPSTAKL
group_B,EFFGEGKTR
group_B,GAVDPSVQR
group_B,EVARAQAAL
group_B,EVVLYSGAR
group_B,SVHSPSTSM
group_B,EAMDDFMKR
group_B,FTNKPTTFR
group_B,DSAQQGLYR
group_B,SVSPVVHVR
group_B,EIYGVTHTR
group_B,IVQAPSGNR
group_B,ESDFASTFR
group_B,DIIDPAILR
group_B,ETVPAFSER
group_B,EVNNELANR
group_B,IPSGVSGRR
group_B,ETIGEILKK
group_B,SVKEVALGR
group_B,ELVQTLLER
group_B,DTIEIITDR
group_B,DVYRGLQER
group_B,SVVEPGRRR
group_B,EAKAPILKR
group_B,ETYKPHLER
group_B,EVGGEALGR
group_B,EVASVWVER
group_B,EVGPPAFRI
group_B,DPAGVHPPR
group_B,ETHLPAQAR
group_B,EVGGNTLGF
group_B,ESIDKKISR
group_B,TVFGPTLLR
group_B,EVHTGTTIM
group_B,ESYYQEIGR
group_B,LVGPVPAGR
group_B,EQILPTLVR
group_B,EISAPVSER
group_B,DVYGGTNRY
group_B,ELVNVLQER
group_B,ILADATAKM
group_B,EVVELSSTR
group_B,HVVDIVALK
group_B,ETVEDIAAR
group_B,DIQDPGVPR
group_B,ESHVSGISR
group_B,ELAVASFPK
group_B,EPADSHFVR
group_B,EISRAAAER
group_B,YVANVGTNR
group_B,YVHTTVNEM
group_B,ELPPGSTKR
group_B,DVAHVNTVM
group_B,DIFSEVVGR
group_B,ELFPAPILR
group_B,EIFHETGKR
group_B,QTHFQLAYR
group_B,EVPELYHQR
group_B,EVIPPMKEF
group_B,DVIGVTKGK
group_B,EQVPQALRR
group_B,ELIDFKTRR
group_B,EIGNMITSR
group_B,IVVDPFDPR
group_B,EVVDPLGKR
group_B,EVFTPVVQR
group_B,EVSSLISEK
group_B,QAQKPSVPR
group_B,ETISTATGR
group_B,EVNEWFTKY
group_B,ELVPFESPR
group_B,EVTTTVLVR
group_B,HIGKPSTIR
group_B,DVFEGSIIR
group_B,EVIKSMKPK
group_B,ELIKESEVK
group_B,IVIKGTSER
group_B,DVAQSTHVL
group_B,DLREQTHSR
group_B,EIMQETGTR
group_B,ELIQDAAAR
group_B,TAAAPTLRR
group_B,EANEEFALR
group_B,EAVEAAINR
group_B,EPISPPRDR
group_B,EAVDISSKR
group_B,MIVRPSQPR
group_B,EAAFANGKL
group_B,DIYLTQILR
group_B,EVFTPVFER
group_B,ELSPTGRPK
group_B,ELAVVREQR
group_B,EIRSQPVPR
group_B,ETVDMTLRR
group_B,EVLHGLIGR
group_B,MAGPGGLAR
group_B,QPAAPSLTR
group_B,SVSEVVVNR
group_B,ELPGSSAVR
group_B,EVNRVSQSM
group_B,ELPVPTHRR
group_B,DVYTPKSSR
group_B,ELADPTERF
group_B,ETIEVMEDR
group_B,EVFYFEVTR
group_B,EIDVVSVEK
group_B,TSGPIGGLR
group_B,EVQRILHQR
group_B,DVYQAVSKR
group_B,LSSKSGLSR
group_B,EARAFGVTR
group_B,ETVEGLRKR
group_B,EAFLHQQKR
group_B,SVASASTTR
group_B,EPFKGEMNR
group_B,MVLAHVTNR
group_B,PFDITVMIR
group_B,EVVDRGAIR
group_B,AVVPNTSSR
group_B,EVVEQGITR
group_B,EIKHFVSER
group_B,EFVDLYVPR
group_B,DIKEKSKFR
group_B,EISHPDVGR
group_B,EAHFVPLVK
group_B,ESSDALLKR
group_B,VVMTPPRNR
group_B,EVGDIVVGR
group_B,DVRMGGSFR
group_B,DVNNIGKYR
group_B,EAAPGKSEL
group_B,ETREPPPAY
group_B,EVAQFLTGR
group_B,EVVVSGKLR
group_B,EASPGGLDR
group_B,NAIGGKYNR
group_B,EVPEVTRSR
group_B,FVYGSGVYR
group_B,EVWPHSTER
group_B,EAKFPTMNR
group_B,ELKDPTDHY
group_B,EGASPLSER
group_B,TAVAALSGR
group_B,QAKIPGLKR
group_B,MAVTALAAR
group_B,SVHLSPCFR
group_B,ELFSHPVER
group_B,VVMPPTRAR
group_B,AAGPVAAPR
group_B,EIVANVGKR
group_B,SASHVSSFR
group_B,ETAQAIKGM
group_B,IVAPGGALR
group_B,IVKQAGLER
group_B,TVGGWVSTR
group_B,HVASVLCQR
group_B,QPAPPGSER
group_B,DAIRGGLPK
group_B,TVFHSLASR
group_B,EAAPVSGYR
group_B,EAAEKLKNR
group_B,ESAWNLENR
group_B,GVKVPGEYR
group_B,ETIKQLQER
group_B,DLREQTHTR
group_B,ELRPPSRSR
group_B,EIAGVKLLY
group_B,RPFRGSVGR
group_B,EVKKICMQR
group_B,EASEATLFY
group_B,EPVSLGSLR
group_B,EVISKEILE
group_B,EVTGFGVTR
group_B,DLIAIVSNR
group_B,EGVPVRGAR
group_B,ETIGKKFEK
group_B,DLSSSSSLR
group_B,TPASATLGR
group_B,TVVGTSRLR
group_B,EVHGFSMGK
group_B,EIQHTTALR
group_B,SIIGVTEPR
group_B,EIMPPPPKP
group_B,EIIDKRRER
group_B,TVIKQTMER
group_B,ELSESLRNR
group_B,QAAFFGSYR
group_B,SVIGAREER
group_B,SVTDAVALR
group_B,ETVALDAKR
group_B,DAVEDRLDR
group_B,EAGEPTTLL
group_B,TIIDAPGHR
group_B,EGVAGGLNR
group_B,ETVTSFRKR
group_B,LANDPTSLR
group_B,DIYFNPKTR
group_B,EVTKLVHGR
group_B,ELVTKAGFR
group_B,ELLEPLNER
group_B,TAGIIGVNR
group_B,MAAPSWRGA
group_B,EVLLVSSSR
group_B,EIIYAINQR
group_B,NVTGIAHRR
group_B,EVGLLFTNR
group_B,EVAAAVIQR
group_B,YVIKPGNTK
group_B,DVGPTSHNR
group_B,SLVSPLSPR
group_B,DVQPSGAQR
group_B,EVEDTTLNR
group_B,ETSNLIIMR
group_B,EIQAPTSSK
group_B,EVKRPGESL
group_B,EGAGILLTR
group_B,ELSPGGQPR
group_B,ELPRGSIPR
group_B,DLYLKPIQR
group_B,EATGEKVLR
group_B,EVISLINTR
group_B,EAVAGIVGR
group_B,EIIEQPKQR
group_B,EVVRTIKER
group_B,QIVPPGRQR
group_B,ELAQRLSNR
group_B,DVGKSTFNR
group_B,SVAEERAGR
group_B,EITKAFHVR
group_B,DIIEKVMAR
group_B,EVAELLLER
group_B,EAELGTFPR
group_B,IILGPTKDR
group_B,ETSSMASFR
group_B,LAINGSANR
group_B,EVVYRFTAR
group_B,DMFATPQYR
group_B,ETFLAQRQR
group_B,EVIFHVSTR
group_B,EAFVIDAVR
group_B,EVGPVLSKS
group_B,FVAELAAER
group_B,TVVDAASLR
group_B,EVSSIIKKK
group_B,SVSPSASFR
group_B,ESGWRSALR
group_B,TLSPAFSTR
group_B,EAIGTLTAR
group_B,VPAQPLGPR
group_B,EIVSRVSKR
group_B,ELVNAARLR
group_B,DVYPEIIER
group_B,EVFGQITER
group_B,EVASFVTKR
group_B,DVVGRFNER
group_B,FIRDPSTSR
group_B,EVLTDAAAR
group_B,EVAAVLLHF
group_B,EAEVASLNR
group_B,SLYGPGTNR
group_B,DPGGGGLFR
group_B,ETVGSIFSR
group_B,EVLQGGSQR
group_B,DQGPTTKNL
group_B,YVFGGVRSR
group_B,ELAGHTGYL
group_B,IIADSSTFR
group_B,AVTPPGLAR
group_B,EIPENFTTR
group_B,ELKFKTGLR
group_B,EVSTVNVRR
group_B,EVNAWLVHR
group_B,EAAWPHLQL
group_B,ETHAWFTSR
group_B,EVSLPKRGR
group_B,ETASAVATR
group_B,EPFSATDPK
group_B,EVKILGKER
group_B,TVGGGEMAR
group_B,ETTGTVTFR
group_B,EVIKPWITK
group_B,EAAAPLRVR
group_B,DIIAKVTRR
group_B,TAIKGVGRR
group_B,EVSGIKAAY
group_B,EAFENLGKR
group_B,ETMDPFVDR
group_B,SVVEIASLR
group_B,AAAGLAGPR
group_B,EVMGTGAVR
group_B,EMRDPALGR
group_B,EPAPALSSR
group_B,EQAAPSGLR
group_B,IPRTPSSFR
group_B,EISSPAVER
group_B,QTVGPSHAR
group_B,DTIDSLRSR
group_B,FVIKPKIQR
group_B,TVVGSSKFR
group_B,EASGPGNFF
group_B,DVNLSHSER
group_B,ELGFSKVFR
group_B,ELEHSGIGR
group_B,ESMEPKVFR
group_B,DSIEDRYPR
group_B,EPAEPLLVR
group_B,TVIPPGLTR
group_B,TPSDINSPR
group_B,EVSSSLILR
group_B,NVKGPGLQR
group_B,DTIGYLLTR
group_B,EAIGPSTIR
group_B,EVGPAGSQF
group_B,ELATAVKAR
group_B,IVNRTIANM
group_B,EAADIIQKL
group_B,EIYEYIIFR
group_B,TVGKATGFL
group_B,DALGGLLNR
group_B,ELADVTAKY
group_B,QAAQPTRWV
group_B,EIADSSMTR
group_B,ELARLKVHR
group_B,TVVTGTLER
group_B,FVNQSSKCR
group_B,ELVNPHRAR
group_B,ELAQWLIQR
group_B,TVYHSPVSR
group_B,AVIGYLSTR
group_B,LVSQPGLNR
group_B,DVLQTGTQR
group_B,EGVGILLTR
group_B,EVAYDWSER
group_B,AAAPGLGPR
group_B,EAQGIHISR
group_B,EAYLPETFR
group_B,EALNQVTQR
group_B,GVSPVITVR
group_B,ETIKGHSVR
group_B,EVAPAGASY
group_B,IPGEESSLR
group_B,EVHWATHQL
group_B,EVINDYHFR
group_B,ESIAAFIQR
group_B,EVAEHVQYM
group_B,ETAFQGMLR
group_B,DIWTTTANR
group_B,EAFQTTISK
group_B,ESIDALSNK
group_B,EVSSVSPLK
group_B,EDFYTATER
group_B,EVFDHMMKR
group_B,QVAQFSTVR
group_C,SAALPQSQR
group_C,TTVGTLSQR
group_C,AVVALAVGR
group_C,FVYGSGVYR
group_C,EIAAVIETV
group_C,GVARIFNTR
group_C,HVVDIVALK
group_C,IVYGQPRTR
group_C,EVIKPWITK
group_C,TLSPAFSTR
group_C,YVMPSSSAR
group_C,TAAFGHVQR
group_C,STFNQVVLK
group_C,EAAQKFLER
group_C,AAVPVAAAR
group_C,ETESVVSLR
group_C,FTAPSTVGK
group_C,YSVNVDYSK
group_C,NVADLHEKY
group_C,TTPIFANRR
group_C,EDFYTATER
group_C,YPVGIFQKR
group_C,ESTPITAVK
group_C,DVFYLQPER
group_C,ETEPTIIER
group_C,NIIDNPYLR
group_C,QVAPTQDLR
group_C,DIIGPMPAK
group_C,YSSTQVSVR
group_C,EVVSGVVSK
group_C,DTQKFSVMR
group_C,AVIDVGINR
group_C,SLADIMAKR
group_C,EISGTFTHR
group_C,FSSSEKIKD
group_C,SVIRPILKR
group_C,ETFSGVYKK
group_C,SVSEVVVNR
group_C,STIEYVIQR
group_C,ISSGAVVHR
group_C,YAAFVQTHR
group_C,EVANIPVAR
group_C,VATDITSTR
group_C,EVFVGKIPR
group_C,EIPALSVSR
group_C,TTTEIIKRR
group_C,DVTKITKLR
group_C,STAPAQLGK
group_C,MAGPGGLAR
group_C,TVPEVIVAR
group_C,QTIQGILER
group_C,EVSTVNVRR
group_C,DIFNQVVPR
group_C,QSSNLIQHR
group_C,ESFPSVNSR
group_C,GVMPSHFSR
group_C,ETNYGIPQR
group_C,TSETPQPPR
group_C,ETIKQLQER
group_C,NASQLITQR
group_C,EAAPVVVGH
group_C,ATSGVVAVR
group_C,DLAKIIFKR
group_C,HSMDFVAYR
group_C,EVFTPVFER
group_C,EVISLINTR
group_C,NATYVQPRR
group_C,DAATEIVER
group_C,FAAESIIKR
group_C,HIVSIEVQR
group_C,FSAPENAVR
group_C,YIMPKPARR
group_C,ESIDQYIER
group_C,EIYRPPASR
group_C,FTYMNPAQR
group_C,HTPENPVIR
group_C,SAIHIRVFR
group_C,YAASIIIRR
group_C,EAFDFVKQR
group_C,ASAPVTVKR
group_C,EAAYIGSMR
group_C,NIADIEEKR
group_C,VPIGYHVPR
group_C,EVVYRFTAR
group_C,QPTDVVKVR
group_C,GVAALYKFR
group_C,VTIKKDVDG
group_C,MTNLPAVGR
group_C,NAVDVKQYR
group_C,TTFQDQLNR
group_C,NVKFIQEKK
group_C,ELNPSTGNR
group_C,FVFKPNSKK
group_C,EVWKGIKKR
group_C,EGVGILLTR
group_C,EPVEVVAPR
group_C,NVPAVVVGR
group_C,ENFGNTTPR
group_C,EIKHFVSER
group_C,AAAGAFAGR
group_C,EVNQETIQR
group_C,ETPAISPSK
group_C,TVFESRNLR
group_C,TAAATVLKR
group_C,MVGPPGTGK
group_C,DLEPPVVKR
group_C,EVFQNANFR
group_C,AVTDVEATR
group_C,FTYDPWIGK
group_C,STPDLAANR
group_C,NVNEVISNR
group_C,DTIEIITDR
group_C,ETNTGEVYR
group_C,EIAPDIRGR
group_C,HVTLHVHEP
group_C,SVSDLAPPR
group_C,EATAMAMGR
group_C,TTSVITIVK
group_C,FSIDVGYER
group_C,SVFLYQSLR
group_C,EVQSNPKIR
group_C,EVPELYHQR
group_C,FASPLGAGR
group_C,EVVGIIESR
group_C,EMTGYVVTR
group_C,DSFTGPRRR
group_C,TTAFEVEER
group_C,NSMGFGAER
group_C,ELVPFESPR
group_C,EALNQVTQR
group_C,ITSPVVTQK
group_C,DAAFNKITR
group_C,GTADVHFER
group_C,NSAFVERVR
group_C,ETAIPSSTR
group_C,SVAKIVSDR
group_C,FASQGGLAR
group_C,SSSPVVVQH
group_C,EAAAIIAQR
group_C,HVASQPVMR
group_C,GTVELGPKR
group_C,LSSGVSEIR
group_C,EAVKLIIGR
group_C,DVYTPKSSR
group_C,EPSEVFINR
group_C,TVIADICRR
group_C,HVHGLPVTR
group_C,TSEAPQPPR
group_C,HSADFETVR
group_C,ESAQDFASR
group_C,ATAELIMSR
group_C,NTVGLVVER
group_C,TVAVSDIPR
group_C,QVATVIQSR
group_C,ESAPKASLR
group_C,NVADLTSLR
group_C,NTAVSQLTK
group_C,NAIGGKYNR
group_C,EIEWNPATK
group_C,KAANVLITR
group_C,EVVSLLLDR
group_C,EVVEIQIDR
group_C,ETIGEILKK
group_C,SIFDKNHER
group_C,ETADVIAKV
group_C,DTITETDLR
group_C,EVIKSMKPK
group_C,SVFNEHPSR
group_C,NVKGPGLQR
group_C,EVSSMVLTK
group_C,YVFPKPFNR
group_C,TTAPVVSTR
group_C,ETTVYVIVR
group_C,SVSSLISGR
group_C,ETYLNENLR
group_C,EVRLNVEEK
group_C,TGIFLPILR
group_C,EVVRLLVTR
group_C,GVKVPGEYR
group_C,DVVYNAVHR
group_C,YDAEISRKR
group_C,DSAPVETPR
group_C,NTIPEVHKK
group_C,EVAPDVRLR
group_C,EVAGQFVIK
group_C,QIFSGTSKR
group_C,EVAPPEYHR
group_C,EVFAGVTTH
group_C,ELIQDITQR
group_C,ETDGFQVKR
group_C,FEPAKGGEK
group_C,TTNVPEIQR
group_C,SVLDYFSER
group_C,AIVDVVANR
group_C,DPFHKAIRR
group_C,FASLPQVER
group_C,GEEPPIVRR
group_C,GKDPPVHFR
group_C,MPASVVGQR
group_C,DAVNLAFGR
group_C,TTGESVITR
group_C,EVPSPEAGR
group_C,ETYLHRIGR
group_C,EVIKVIHGK
group_C,FVYGEPVTR
group_C,TTAQEVLAR
group_C,EAGAIISTR
group_C,YVIKPGNTK
group_C,EIVSRVSKR
group_C,EAVFNPQSR
group_C,SVAKTILKR
group_C,STARHLYLR
group_C,TTITAPPSR
group_C,EAIGNEVTR
group_C,DIQGHPFFR
group_C,DPAGVHPPR
group_C,FVYEPKEQK
group_C,DVFIPKPFR
group_C,NAAFSANER
group_C,SAAPAITCR
group_C,ETLLLQAER
group_C,SVSGIPNAR
group_C,GVSPVITVR
group_C,SVSNVVITK
group_C,NTSTSIVNR
group_C,EIIEQPRQR
group_C,ELIQEITQR
group_C,EVPNKIINR
group_C,EVAGLQVGR
group_C,EVFTPVVQR
group_C,AVVAVAEKR
group_C,HVAQIYAIR
group_C,ETLMETHER
group_C,LAGDVPAAR
group_C,AAVAAVAAR
group_C,EAHARIHLR
group_C,SVIGAREER
group_C,DIIQPSSTR
group_C,DAEAIYVTR
group_C,IASLIPTPR
group_C,DVFPGPSFR
group_C,EIVKPSPKR
group_C,AEVDKVTGR
group_C,QTPNTFPKR
group_C,EVVEQGITR
group_C,LVVYPWTQR
group_C,TTASVVIIR
group_C,AAVDSSVPR
group_C,ITPAVVSER
group_C,ITTGNSPPR
group_C,EVFGQITER
group_C,EVIKNRFHR
group_C,TSSGNPIFR
group_C,QVFNKLIRR
group_C,ESIDKKISR
group_C,EVVVSGKLR
group_C,TVYHSPVSR
group_C,NTVTPAVGR
group_C,NIADLAVRR
group_C,AIAAIKTKR
group_C,TTFPKIHSR
group_C,LVGPVPAGR
group_C,QSPEFSVTR
group_C,STPEIAEQR
group_C,ETFLAQRQR
group_C,GVANALAHR
group_C,ATSPLQENR
group_C,EVMGTGAVR
group_C,EAEVASLNR
group_C,TVIFVASQK
group_C,ESFKEKFVR
group_C,QTVRIPSQR
group_C,EVGDIVVGR
group_C,ETIDVHSGY
group_C,QITAVIINR
group_C,EVLSDPQTR
group_C,EGIGSTVFR
group_C,DTPGIQIGR
group_C,STANIDDLK
group_C,RAAIPIAKR
group_C,DVARLVVER
group_C,LPHGNVSAR
group_C,FSNDVIRKR
group_C,SDAGIFFTR
group_C,TVSAAVAER
group_C,DAQKPSLTR
group_C,ESFGVPKGR
group_C,AAAGLAGPR
group_C,EIGPVSSSR
group_C,HTIPIPVAR
group_C,IDERAINKK
group_C,AVYDFFIGR
group_C,ATIQGAYAR
group_C,MTNTPVVVR
group_C,SVISGISSR
group_C,EVADLKIKR
group_C,HAADPIITR
group_C,GDEPPVFSR
group_C,DSVNIGRKR
group_C,DSSGLTVHR
group_C,LPMQGNPPR
group_C,QISEVVVVK
group_C,ETSGFPSQR
group_C,EVIEIMTDR
group_C,ETAFAFHLR
group_C,GEDPPVHVR
group_C,HAVVVGVYR
group_C,SAFRNVNTR
group_C,EVAQFLTGR
group_C,VDVRIGMTR
group_C,SSIRPISER
group_C,HTADISSHF
group_C,ETYKYLYGR
group_C,TTVEGLITR
group_C,GVSSVIHPK
group_C,ETSGPTYIK
group_C,EAIYDICRR
group_C,DVYPEIIER
group_C,ETILRTNKR
group_C,EVTGFGVTR
group_C,LAQTGSLGR
group_C,DSMPEPASR
group_C,ELAKIMRTR
group_C,ETQLPVSFR
group_C,ELMGYIMGK
group_C,SSSKTTWPR
group_C,EAGPSIVHR
group_C,EIFDGIQPK
group_C,QVADVVVSR
group_C,NMFDHPIPR
group_C,DPTDVAALR
group_C,AAVDVVRAR
group_C,EINKLLAHR
group_C,EITPPVVLR
group_C,ENADVPVVR
group_C,DAAEPDVQR
group_C,NSKESYELR
group_C,EVTRILDGK
group_C,DLFYNIATR
group_C,MAAAAFAEK
group_C,DSFSAGEPR
group_C,EVVNKRFVR
group_C,ETSNLIIMR
group_C,HSAMAVVSR
group_C,DVSPVVSTY
group_C,TVVQNLMER
group_C,SVVGIPVFR
group_C,PASPVVHIR
group_C,DITTGQPPR
group_C,TTTSLVLER
group_C,LPSPLSDPR
group_C,SAHFSPVLR
group_C,EVVGSVQGK
group_C,DVFVVGTER
group_C,DAAIVGAVR
group_C,NIQVNNISI
group_C,ETVPAFSER
group_C,YSPGIVSTR
group_C,QVVDKVTQR
group_C,FVTPVTNQR
group_C,NVTYVVKER
group_C,DAWPGQRER
group_C,SAASYFQKR
group_C,LPAPAAVGR
group_C,DAAKDSILR
group_C,LPSPVTAQK
group_C,EVQRILHQR
group_C,EVFEYIIFR
group_C,EIINIMQDR
group_C,EIVDVPVEK
group_C,EVTDYAIAR
group_C,DTAAQITQR
group_C,STFRESFKK
group_C,ETAKPIPAR
group_C,EVNIPTDLR
group_C,HSTDFEVHR
group_C,NAAGLLAAR
group_C,QASAVTVTR
group_C,ELSDLHAHK
group_C,FVVEKVLDR
group_C,ETMPCVKKK
group_C,SVFQTTDTK
group_C,ELYNAPEGR
group_C,YVFPVSQKR
group_C,HVIETLIGK
group_C,NTIQNEAQR
group_C,FTQKPGFPK
group_C,SSAPVVVTR
group_C,ETREVQNLR
group_C,AITQVVVSR
group_C,NSPDISATR
group_C,EAKFPTMNR
group_C,EIYEYIIFR
group_C,DVYENLHTK
group_C,RTSEIYVHR
group_C,ATIALMIQR
group_C,FSFSKTPKR
group_C,ETQPPVALK
group_C,SAISYINQR
group_C,DVAAQQSLR
group_C,EIFGTIGMR
group_C,TVGDIVLLR
group_C,EAFQTTISK
group_C,TAAAAASIR
group_C,EAHFVPLVK
group_C,EVFDKTYQF
group_C,AAVPVIISR
group_C,LPAKAIGHR
group_C,EIAIIPSKK
group_C,NATPLTIER
group_C,TPAGGGFPR
group_C,HIAVGSPGR
group_C,EVSSVSPLK
group_C,EIPENFTTR
group_C,QVAPPVLKR
group_C,SVTALAVSR
group_C,EAVKPFGLK
group_C,SSALPTTGR
group_C,EVVIYVVER
group_C,DVNSFVRSR
group_C,EVQVVNTER
group_C,TSTPVIVMR
group_C,ATTPIFANR
group_C,NTVHDIVNR
group_C,FSTTAVSAR
group_C,SASSVTVTR
group_C,EIVKAIKER
group_C,TVIHFNNPK
group_C,ESTNFATLR
group_C,IIVDIATKR
group_C,ELFPAPILR
group_C,EIYGVTHTR
group_C,GSSPVFNQR
group_C,STISEVLGR
group_C,NLTDIVAQR
group_C,NASQIRELR
group_C,NSISSVVSR
group_C,DIFSEVVGR
group_C,SVSDIIRLR
group_C,DLFDFITER
group_C,TVAAVFRGR
group_C,EVVPEPVAR
group_C,DMFATPQYR
group_C,LPFGSSPHR
group_C,HPAVVIRQR
group_C,DTVAQITQR
group_C,EVLPKPRMR
group_C,AIATIKTKR
group_C,VVFEKAIQR
group_C,EAVGVTSQR
group_C,DASRNVFSR
group_C,EVAGIVAAR
group_C,ETFNSITKR
group_C,TSSAQIIQR
group_C,NANPLIYQR
group_C,ESAPVHNSF
group_C,EAYRFVKEK
group_C,TTGWGVSPR
group_C,ETAIPFRSR
group_C,ETVGSIFSR
group_C,TIIDIITHR
group_C,HVVAIGRTR
group_C,AIPGFTINR
group_C,SAASTALER
group_C,SAIPAYSKR
group_C,AVAAVAARR
group_C,NTTSAVTVK
group_C,TTPNISVKK
group_C,FVFGLPLER
group_C,SSMFGTLPR
group_C,EAIAKGIRR
group_C,MSHGVPVVR
group_C,SIIGVTEPR
group_C,ESIRAAVNR
group_C,EIIAKEEQR
group_C,TSSPSSIPR
group_C,EVTDYTTGR
group_C,SSSFVLSHR
group_C,SASPSVISR
group_C,SVESIISPK
group_C,DVASVIVTK
group_C,ETPITSVPR
group_C,WVIGSVVAR
group_C,QANGFSVVR
group_C,NTNDFVTLR
group_C,ETMPYVKKK
group_C,EIISKLQGR
group_C,DVPSPFNHR
group_C,NVAANVTSR
group_C,EVTTTVLVR
group_C,TVATLPRGR
group_C,EISAPVSER
group_C,AALPGIVHR
group_C,FLSAVFFAK
group_C,EVYKELRLR
group_C,ELAQVIVSR
group_C,YVANVGTNR
group_C,EVSSIIKKK
group_C,HVHEPNPLR
group_C,EVPEVTRSR